[
  {
    "ikid": 1,
    "iclass": 1,
    "kidNm": "신짱구",
    "profile": "https://mblogthumb-phinf.pstatic.net/MjAxNzA4MjJfMTc2/MDAxNTAzMzU1NTI5MDg1.96Q1J63E7uG8bX1ccLMw8r5ej2voAKmFVWnjzAtHUrQg.L0LV7JdHYdAkWMqR_GToRct2sy-NiZgZKOtmyvuB1h8g.JPEG.doghter4our/IMG_0932.jpg?type=w800"
  },
  {
    "ikid": 2,
    "iclass": 2,
    "kidNm": "한유리",
    "profile": "https://mblogthumb-phinf.pstatic.net/MjAyMTA3MTlfMTE2/MDAxNjI2Njc1NTk0MzM3.y9K3nHcdzKvWiiCafbT6pMMCxg6OCkEwDXDuOecw7TIg.nLbDnujFTTXlgqWzQZqTnhoZ65iBQYia040JSj6iMWMg.JPEG.xdbxdbx/1626442874489.jpg?type=w800"
  },
  {
    "ikid": 3,
    "iclass": 3,
    "kidNm": "한유리",
    "profile": "https://mblogthumb-phinf.pstatic.net/MjAxNzA4MjJfMTAz/MDAxNTAzMzU1NTI5NTA2.kn-iR2noHkW4CDQGGLjO3qH1s9T0Fn9xBuwindRJc1kg.xBer_UDCuM4C2a3alkqU-sl1S2KtvXv6GYxiU2lVbFwg.JPEG.doghter4our/IMG_0928.jpg?type=w800"
  },
  {
    "ikid": 4,
    "iclass": 1,
    "kidNm": "한유리",
    "profile": "https://mblogthumb-phinf.pstatic.net/MjAxNzA4MjJfNDEg/MDAxNTAzMzU1NTI5NzMy._euIxbolUVWRJNUtNQfQtJEbsOjh3Egc2t6zlFUFFscg.mKZmS5BTsiybWgHNs7d8TCw2k6qUMV7KfKZ0-KFjNTwg.JPEG.doghter4our/IMG_0925.jpg?type=w800"
  },
  {
    "ikid": 5,
    "iclass": 2,
    "kidNm": "한유리",
    "profile": "https://mblogthumb-phinf.pstatic.net/MjAxNzA4MjJfMTI0/MDAxNTAzMzU1NTMwMzE3.6zn2sVZCXd1FvYTzqJppqOrxHY-YSyZCih0Tw_MuHs8g.KQaF8e4-HFa_XZA62syK6SitRwOxhN7mkVB2am43Ipwg.JPEG.doghter4our/IMG_0920.jpg?type=w800"
  },
  {
    "ikid": 6,
    "iclass": 3,
    "kidNm": "한유리",
    "profile": "https://mblogthumb-phinf.pstatic.net/MjAyMTA3MTlfNjIg/MDAxNjI2Njc1NjA3MjEy.qPo2ni_HFBqWd5RIejo5cgxYfTctvBxmuqNMRo572vQg.gH6sDF3ljeFzkgzoAiU1-8hTixL84HAfguteuMMlymQg.JPEG.xdbxdbx/1626442964323.jpg?type=w800"
  },
  {
    "ikid": 7,
    "iclass": 3,
    "kidNm": "한유리",
    "profile": "https://mblogthumb-phinf.pstatic.net/MjAyMTA3MTdfNjIg/MDAxNjI2NDg4MjYzMTAy.hihg9uCZCt3AXnEm5pR7Dmf0s7EAoWQvZznVlyRNnGIg.dCXwzTCRqEWytpa0hwLuOEK6cD1ck9mohiBicVyGPTUg.JPEG.xdbxdbx/1626487733830.jpg?type=w800"
  },
  {
    "ikid": 8,
    "iclass": 2,
    "kidNm": "한유리",
    "profile": "https://mblogthumb-phinf.pstatic.net/MjAyMTA3MTlfMTYx/MDAxNjI2Njc1ODAwOTU0.ky2VUP-slXlWLSS-HPMkYmM5XiLANMUAzRcnNeYnOlkg.NOFjSu8jcSNNaBzwRnbTIwPvmUOPUH7lpRogX76tt3kg.JPEG.xdbxdbx/1626443468254.jpg?type=w800"
  },
  {
    "ikid": 9,
    "iclass": 2,
    "kidNm": "한유리",
    "profile": "https://mblogthumb-phinf.pstatic.net/MjAyMTA3MTlfMTI4/MDAxNjI2Njc1Nzk5MjQx.Jdt65wA9qlW4bO2bq69d8gOG3WjQyNJYeB-AJyeEFOog.Wy8UbOseSEZvvoo52b1_zw1-IPpNCbgBZn8uHXXoSQQg.JPEG.xdbxdbx/1626443425770.jpg?type=w800"
  },
  {
    "ikid": 10,
    "iclass": 1,
    "kidNm": "한유리",
    "profile": "https://mblogthumb-phinf.pstatic.net/MjAyMTA3MTlfMTg2/MDAxNjI2Njc1ODAwMTgz.bHTVdIPtiVfpLwe5NaLSDpma__tH7Azzh6cAZcTm5nog.7e9OfPcHmt_PzCKkXpbRvamoyE4pHN_xFZ-CIDE2m0sg.JPEG.xdbxdbx/1626443446612.jpg?type=w800"
  },
  {
    "ikid": 11,
    "iclass": 1,
    "kidNm": "한유리",
    "profile": "https://mblogthumb-phinf.pstatic.net/MjAyMTA3MTdfMTk4/MDAxNjI2NDg4MjY5Mjk4.P0MO8NU5LieZzbeT5udWSEysedx08hoV_TzbAh8tQ-0g.WYnF2x8Y9pEyp66teo9RAjgKnJyic8XEpEGdxYeKtWcg.JPEG.xdbxdbx/1626487686590.jpg?type=w800"
  },
  {
    "ikid": 12,
    "iclass": 1,
    "kidNm": "한유리",
    "profile": "https://mblogthumb-phinf.pstatic.net/MjAyMTA3MTlfMTgy/MDAxNjI2Njc1OTAwMzcz.gojpVz7XSsOuModwtpeXPpwG6D1O0I70DYmWJgzimNEg.K8Lh5meGEn7VciiveJqvXTLbULEQRoE9UdWqWNrirE0g.JPEG.xdbxdbx/1626443534220.jpg?type=w800"
  },
  {
    "ikid": 13,
    "iclass": 1,
    "kidNm": "한유리",
    "profile": "https://mblogthumb-phinf.pstatic.net/MjAyMTA3MTlfNjUg/MDAxNjI2Njc1ODM5ODQw.XN6nBtN_g4qrLZurU0zG-C_WUoNnyVEqemSQw7hlNmkg.6Y22sGCSWOg-8-HqTw9n2-zjrtztr0d6OE7OcLIm_8Ag.JPEG.xdbxdbx/1626442595396.jpg?type=w800"
  }
]
